step,x1,x2,y,phi1,phi2,Ax,Bx,Ay,By,C,calc_time,anim_time
0,-0.167225,0.167225,0.207521,2.032683,2.032683,-0.353000,0.353000,0.299689,0.299689,1.178097,1.253647,0.000000
1,-0.167747,0.167747,0.207102,2.034275,2.034275,-0.353000,0.353000,0.299069,0.299069,1.178097,0.966628,0.010000
2,-0.168787,0.168787,0.206268,2.037456,2.037456,-0.353000,0.353000,0.298144,0.298144,1.178097,1.029086,0.020000
3,-0.170334,0.170334,0.205029,2.042216,2.042216,-0.353000,0.353000,0.296920,0.296920,1.178097,1.001083,0.030000
4,-0.172373,0.172373,0.203401,2.048543,2.048543,-0.353000,0.353000,0.295406,0.295406,1.178097,1.055668,0.040000
5,-0.174885,0.174885,0.201400,2.056421,2.056421,-0.353000,0.353000,0.293611,0.293611,1.178097,1.074753,0.050000
6,-0.177844,0.177844,0.199051,2.065826,2.065826,-0.353000,0.353000,0.291548,0.291548,1.178097,1.095808,0.060000
7,-0.181224,0.181224,0.196378,2.076731,2.076731,-0.353000,0.353000,0.289230,0.289230,1.178097,1.047037,0.070000
8,-0.184992,0.184992,0.193411,2.089106,2.089106,-0.353000,0.353000,0.286672,0.286672,1.178097,1.003102,0.080000
9,-0.189114,0.189114,0.190182,2.102911,2.102911,-0.353000,0.353000,0.283890,0.283890,1.178097,1.031396,0.090000
10,-0.193553,0.193553,0.186722,2.118103,2.118103,-0.353000,0.353000,0.280902,0.280902,1.178097,1.018997,0.100000
11,-0.198271,0.198271,0.183066,2.134631,2.134631,-0.353000,0.353000,0.277727,0.277727,1.178097,1.002205,0.110000
12,-0.203227,0.203227,0.179249,2.152439,2.152439,-0.353000,0.353000,0.274386,0.274386,1.178097,1.010237,0.120000
13,-0.208381,0.208381,0.175305,2.171464,2.171464,-0.353000,0.353000,0.270897,0.270897,1.178097,0.995171,0.130000
14,-0.213692,0.213692,0.171268,2.191632,2.191632,-0.353000,0.353000,0.267284,0.267284,1.178097,0.976690,0.140000
15,-0.219119,0.219119,0.167172,2.212866,2.212866,-0.353000,0.353000,0.263567,0.263567,1.178097,0.987960,0.150000
16,-0.224622,0.224622,0.163049,2.235079,2.235079,-0.353000,0.353000,0.259769,0.259769,1.178097,0.971559,0.160000
17,-0.230163,0.230163,0.158927,2.258174,2.258174,-0.353000,0.353000,0.255911,0.255911,1.178097,0.982642,0.170000
18,-0.235705,0.235705,0.154836,2.282049,2.282049,-0.353000,0.353000,0.252016,0.252016,1.178097,0.968405,0.180000
19,-0.241211,0.241211,0.150801,2.306591,2.306591,-0.353000,0.353000,0.248106,0.248106,1.178097,0.950342,0.190000
20,-0.246650,0.246650,0.146846,2.331681,2.331681,-0.353000,0.353000,0.244202,0.244202,1.178097,0.964375,0.200000
21,-0.251991,0.251991,0.142991,2.357191,2.357191,-0.353000,0.353000,0.240327,0.240327,1.178097,0.946957,0.210000
22,-0.257204,0.257204,0.139256,2.382985,2.382985,-0.353000,0.353000,0.236500,0.236500,1.178097,0.928937,0.220000
23,-0.262266,0.262266,0.135655,2.408921,2.408921,-0.353000,0.353000,0.232742,0.232742,1.178097,0.943109,0.230000
24,-0.267152,0.267152,0.132204,2.434851,2.434851,-0.353000,0.353000,0.229073,0.229073,1.178097,0.924380,0.240000
25,-0.271843,0.271843,0.128913,2.460620,2.460620,-0.353000,0.353000,0.225511,0.225511,1.178097,0.935482,0.250000
26,-0.276320,0.276320,0.125792,2.486069,2.486069,-0.353000,0.353000,0.222075,0.222075,1.178097,0.918847,0.260000
27,-0.280569,0.280569,0.122849,2.511039,2.511039,-0.353000,0.353000,0.218781,0.218781,1.178097,0.895318,0.270000
28,-0.284576,0.284576,0.120090,2.535364,2.535364,-0.353000,0.353000,0.215645,0.215645,1.178097,0.909733,0.280000
29,-0.288330,0.288330,0.117519,2.558882,2.558882,-0.353000,0.353000,0.212683,0.212683,1.178097,0.884334,0.290000
30,-0.291823,0.291823,0.115140,2.581430,2.581430,-0.353000,0.353000,0.209907,0.209907,1.178097,0.896234,0.300000
31,-0.295048,0.295048,0.112953,2.602847,2.602847,-0.353000,0.353000,0.207332,0.207332,1.178097,0.870208,0.310000
32,-0.297999,0.297999,0.110961,2.622979,2.622979,-0.353000,0.353000,0.204969,0.204969,1.178097,0.879757,0.320000
33,-0.300672,0.300672,0.109164,2.641678,2.641678,-0.353000,0.353000,0.202829,0.202829,1.178097,0.851050,0.330000
34,-0.303064,0.303064,0.107561,2.658801,2.658801,-0.353000,0.353000,0.200921,0.200921,1.178097,0.861077,0.340000
35,-0.305173,0.305173,0.106153,2.674217,2.674217,-0.353000,0.353000,0.199253,0.199253,1.178097,0.823755,0.350000
36,-0.306999,0.306999,0.104937,2.687807,2.687807,-0.353000,0.353000,0.197834,0.197834,1.178097,0.832548,0.360000
37,-0.308539,0.308539,0.103913,2.699464,2.699464,-0.353000,0.353000,0.196669,0.196669,1.178097,0.834369,0.370000
38,-0.309795,0.309795,0.103080,2.709094,2.709094,-0.353000,0.353000,0.195763,0.195763,1.178097,0.792356,0.380000
39,-0.310766,0.310766,0.102437,2.716621,2.716621,-0.353000,0.353000,0.195120,0.195120,1.178097,0.793633,0.390000
40,-0.311451,0.311451,0.101983,2.721982,2.721982,-0.353000,0.353000,0.194742,0.194742,1.178097,0.790349,0.400000
41,-0.311853,0.311853,0.101718,2.725135,2.725135,-0.353000,0.353000,0.194633,0.194633,1.178097,0.769428,0.410000
42,-0.311969,0.311969,0.101641,2.726054,2.726054,-0.353000,0.353000,0.194791,0.194791,1.178097,0.707285,0.420000
43,-0.311801,0.311801,0.101752,2.724731,2.724731,-0.353000,0.353000,0.195216,0.195216,1.178097,0.713532,0.430000
44,-0.311349,0.311349,0.102051,2.721177,2.721177,-0.353000,0.353000,0.195907,0.195907,1.178097,0.777481,0.440000
45,-0.310612,0.310612,0.102539,2.715422,2.715422,-0.353000,0.353000,0.196860,0.196860,1.178097,0.787582,0.450000
46,-0.309590,0.309590,0.103216,2.707511,2.707511,-0.353000,0.353000,0.198071,0.198071,1.178097,0.787201,0.460000
47,-0.308283,0.308283,0.104083,2.697509,2.697509,-0.353000,0.353000,0.199536,0.199536,1.178097,0.829367,0.470000
48,-0.306691,0.306691,0.105142,2.685496,2.685496,-0.353000,0.353000,0.201247,0.201247,1.178097,0.828630,0.480000
49,-0.304814,0.304814,0.106392,2.671568,2.671568,-0.353000,0.353000,0.203198,0.203198,1.178097,0.820429,0.490000
50,-0.302654,0.302654,0.107836,2.655835,2.655835,-0.353000,0.353000,0.205379,0.205379,1.178097,0.856776,0.500000
51,-0.300211,0.300211,0.109474,2.638418,2.638418,-0.353000,0.353000,0.207781,0.207781,1.178097,0.846584,0.510000
52,-0.297487,0.297487,0.111306,2.619450,2.619450,-0.353000,0.353000,0.210393,0.210393,1.178097,0.877285,0.520000
53,-0.294487,0.294487,0.113333,2.599075,2.599075,-0.353000,0.353000,0.213203,0.213203,1.178097,0.871168,0.530000
54,-0.291213,0.291213,0.115555,2.577442,2.577442,-0.353000,0.353000,0.216198,0.216198,1.178097,0.899574,0.540000
55,-0.287672,0.287672,0.117969,2.554708,2.554708,-0.353000,0.353000,0.219364,0.219364,1.178097,0.888192,0.550000
56,-0.283872,0.283872,0.120574,2.531032,2.531032,-0.353000,0.353000,0.222685,0.222685,1.178097,0.914053,0.560000
57,-0.279820,0.279820,0.123367,2.506579,2.506579,-0.353000,0.353000,0.226145,0.226145,1.178097,0.901064,0.570000
58,-0.275529,0.275529,0.126342,2.481511,2.481511,-0.353000,0.353000,0.229727,0.229727,1.178097,0.920408,0.580000
59,-0.271012,0.271012,0.129494,2.455991,2.455991,-0.353000,0.353000,0.233414,0.233414,1.178097,0.941114,0.590000
60,-0.266285,0.266285,0.132815,2.430182,2.430182,-0.353000,0.353000,0.237186,0.237186,1.178097,0.926781,0.600000
61,-0.261365,0.261365,0.136294,2.404240,2.404240,-0.353000,0.353000,0.241023,0.241023,1.178097,0.947694,0.610000
62,-0.256275,0.256275,0.139920,2.378319,2.378319,-0.353000,0.353000,0.244905,0.244905,1.178097,0.963398,0.620000
63,-0.251036,0.251036,0.143678,2.352565,2.352565,-0.353000,0.353000,0.248811,0.248811,1.178097,0.950421,0.630000
64,-0.245676,0.245676,0.147553,2.327122,2.327122,-0.353000,0.353000,0.252720,0.252720,1.178097,0.969200,0.640000
65,-0.240222,0.240222,0.151524,2.302121,2.302121,-0.353000,0.353000,0.256610,0.256610,1.178097,0.983219,0.650000
66,-0.234707,0.234707,0.155571,2.277690,2.277690,-0.353000,0.353000,0.260459,0.260459,1.178097,0.972017,0.660000
67,-0.229163,0.229163,0.159669,2.253948,2.253948,-0.353000,0.353000,0.264244,0.264244,1.178097,0.988566,0.670000
68,-0.223626,0.223626,0.163793,2.231005,2.231005,-0.353000,0.353000,0.267944,0.267944,1.178097,0.976208,0.680000
69,-0.218133,0.218133,0.167914,2.208962,2.208962,-0.353000,0.353000,0.271536,0.271536,1.178097,0.992766,0.690000
70,-0.212724,0.212724,0.172001,2.187914,2.187914,-0.353000,0.353000,0.275000,0.275000,1.178097,1.010829,0.700000
71,-0.207439,0.207439,0.176024,2.167946,2.167946,-0.353000,0.353000,0.278313,0.278313,1.178097,0.999602,0.710000
72,-0.202317,0.202317,0.179947,2.149136,2.149136,-0.353000,0.353000,0.281455,0.281455,1.178097,1.017978,0.720000
73,-0.197401,0.197401,0.183738,2.131554,2.131554,-0.353000,0.353000,0.284407,0.284407,1.178097,1.007065,0.730000
74,-0.192730,0.192730,0.187361,2.115262,2.115262,-0.353000,0.353000,0.287150,0.287150,1.178097,1.027605,0.740000
75,-0.188346,0.188346,0.190782,2.100317,2.100317,-0.353000,0.353000,0.289666,0.289666,1.178097,1.016376,0.750000
76,-0.184285,0.184285,0.193967,2.086767,2.086767,-0.353000,0.353000,0.291940,0.291940,1.178097,1.037114,0.760000
77,-0.180585,0.180585,0.196883,2.074655,2.074655,-0.353000,0.353000,0.293955,0.293955,1.178097,1.029456,0.770000
78,-0.177279,0.177279,0.199499,2.064018,2.064018,-0.353000,0.353000,0.295700,0.295700,1.178097,1.021727,0.780000
79,-0.174398,0.174398,0.201788,2.054886,2.054886,-0.353000,0.353000,0.297163,0.297163,1.178097,1.015447,0.790000
80,-0.171970,0.171970,0.203722,2.047287,2.047287,-0.353000,0.353000,0.298333,0.298333,1.178097,1.035293,0.800000
81,-0.170018,0.170018,0.205282,2.041241,2.041241,-0.353000,0.353000,0.299203,0.299203,1.178097,1.003635,0.810000
82,-0.168562,0.168562,0.206448,2.036765,2.036765,-0.353000,0.353000,0.299768,0.299768,1.178097,0.994818,0.820000
83,-0.167614,0.167614,0.207208,2.033870,2.033870,-0.353000,0.353000,0.300023,0.300023,1.178097,0.987028,0.830000
84,-0.167186,0.167186,0.207552,2.032565,2.032565,-0.353000,0.353000,0.299967,0.299967,1.178097,0.944997,0.840000
85,-0.167280,0.167280,0.207476,2.032852,2.032852,-0.353000,0.353000,0.299600,0.299600,1.178097,0.839991,0.850000
86,-0.167897,0.167897,0.206982,2.034731,2.034731,-0.353000,0.353000,0.298924,0.298924,1.178097,0.952029,0.860000
87,-0.169029,0.169029,0.206074,2.038198,2.038198,-0.353000,0.353000,0.297945,0.297945,1.178097,0.990900,0.870000
88,-0.170666,0.170666,0.204764,2.043242,2.043242,-0.353000,0.353000,0.296668,0.296668,1.178097,0.999177,0.880000
89,-0.172792,0.172792,0.203067,2.049850,2.049850,-0.353000,0.353000,0.295103,0.295103,1.178097,1.007030,0.890000
90,-0.175386,0.175386,0.201002,2.058005,2.058005,-0.353000,0.353000,0.293259,0.293259,1.178097,1.013850,0.900000
91,-0.178424,0.178424,0.198592,2.067682,2.067682,-0.353000,0.353000,0.291149,0.291149,1.178097,1.021185,0.910000
92,-0.181875,0.181875,0.195864,2.078856,2.078856,-0.353000,0.353000,0.288786,0.288786,1.178097,1.058207,0.920000
93,-0.185710,0.185710,0.192848,2.091491,2.091491,-0.353000,0.353000,0.286186,0.286186,1.178097,1.009002,0.930000
94,-0.189892,0.189892,0.189574,2.105549,2.105549,-0.353000,0.353000,0.283366,0.283366,1.178097,1.018642,0.940000
95,-0.194384,0.194384,0.186076,2.120986,2.120986,-0.353000,0.353000,0.280343,0.280343,1.178097,1.002152,0.950000
96,-0.199148,0.199148,0.182388,2.137750,2.137750,-0.353000,0.353000,0.277136,0.277136,1.178097,1.052942,0.960000
97,-0.204143,0.204143,0.178546,2.155783,2.155783,-0.353000,0.353000,0.273767,0.273767,1.178097,0.994042,0.970000
98,-0.209328,0.209328,0.174583,2.175019,2.175019,-0.353000,0.353000,0.270254,0.270254,1.178097,1.025989,0.980000
99,-0.214663,0.214663,0.170533,2.195386,2.195386,-0.353000,0.353000,0.266621,0.266621,1.178097,0.984280,0.990000
100,-0.220107,0.220107,0.166430,2.216803,2.216803,-0.353000,0.353000,0.262887,0.262887,1.178097,0.995830,1.000000
101,-0.225620,0.225620,0.162304,2.239182,2.239182,-0.353000,0.353000,0.259077,0.259077,1.178097,0.979598,1.010000
102,-0.231163,0.231163,0.158187,2.262425,2.262425,-0.353000,0.353000,0.255211,0.255211,1.178097,0.965708,1.020000
103,-0.236701,0.236701,0.154104,2.286429,2.286429,-0.353000,0.353000,0.251311,0.251311,1.178097,0.976129,1.030000
104,-0.242198,0.242198,0.150082,2.311079,2.311079,-0.353000,0.353000,0.247401,0.247401,1.178097,0.958773,1.040000
105,-0.247621,0.247621,0.146143,2.336255,2.336255,-0.353000,0.353000,0.243501,0.243501,1.178097,0.970629,1.050000
106,-0.252941,0.252941,0.142308,2.361826,2.361826,-0.353000,0.353000,0.239632,0.239632,1.178097,0.955142,1.060000
107,-0.258129,0.258129,0.138596,2.387656,2.387656,-0.353000,0.353000,0.235817,0.235817,1.178097,0.937028,1.070000
108,-0.263161,0.263161,0.135021,2.413602,2.413602,-0.353000,0.353000,0.232073,0.232073,1.178097,0.973899,1.080000
109,-0.268013,0.268013,0.131598,2.439514,2.439514,-0.353000,0.353000,0.228422,0.228422,1.178097,0.948829,1.090000
110,-0.272667,0.272667,0.128337,2.465238,2.465238,-0.353000,0.353000,0.224882,0.224882,1.178097,0.939206,1.100000
111,-0.277104,0.277104,0.125248,2.490613,2.490613,-0.353000,0.353000,0.221470,0.221470,1.178097,1.003262,1.110000
112,-0.281310,0.281310,0.122338,2.515478,2.515478,-0.353000,0.353000,0.218203,0.218203,1.178097,0.958762,1.120000
113,-0.285272,0.285272,0.119613,2.539670,2.539670,-0.353000,0.353000,0.215098,0.215098,1.178097,0.944602,1.130000
114,-0.288980,0.288980,0.117076,2.563025,2.563025,-0.353000,0.353000,0.212168,0.212168,1.178097,0.964511,1.140000
115,-0.292425,0.292425,0.114731,2.585380,2.585380,-0.353000,0.353000,0.209428,0.209428,1.178097,0.938959,1.150000
116,-0.295601,0.295601,0.112580,2.606577,2.606577,-0.353000,0.353000,0.206890,0.206890,1.178097,0.873483,1.160000
117,-0.298502,0.298502,0.110623,2.626462,2.626462,-0.353000,0.353000,0.204566,0.204566,1.178097,0.887042,1.170000
118,-0.301124,0.301124,0.108861,2.644886,2.644886,-0.353000,0.353000,0.202467,0.202467,1.178097,0.859706,1.180000
119,-0.303466,0.303466,0.107293,2.661711,2.661711,-0.353000,0.353000,0.200602,0.200602,1.178097,0.877401,1.190000
120,-0.305524,0.305524,0.105919,2.676806,2.676806,-0.353000,0.353000,0.198979,0.198979,1.178097,0.832979,1.200000
121,-0.307298,0.307298,0.104738,2.690055,2.690055,-0.353000,0.353000,0.197605,0.197605,1.178097,0.835295,1.210000
122,-0.308787,0.308787,0.103749,2.701353,2.701353,-0.353000,0.353000,0.196486,0.196486,1.178097,0.838925,1.220000
123,-0.309991,0.309991,0.102950,2.710609,2.710609,-0.353000,0.353000,0.195627,0.195627,1.178097,0.794402,1.230000
124,-0.310910,0.310910,0.102341,2.717749,2.717749,-0.353000,0.353000,0.195032,0.195032,1.178097,0.794266,1.240000
125,-0.311545,0.311545,0.101922,2.722715,2.722715,-0.353000,0.353000,0.194703,0.194703,1.178097,0.789005,1.250000
126,-0.311895,0.311895,0.101690,2.725467,2.725467,-0.353000,0.353000,0.194641,0.194641,1.178097,0.728511,1.260000
127,-0.311960,0.311960,0.101647,2.725981,2.725981,-0.353000,0.353000,0.194848,0.194848,1.178097,0.694122,1.270000
128,-0.311741,0.311741,0.101792,2.724255,2.724255,-0.353000,0.353000,0.195321,0.195321,1.178097,0.720797,1.280000
129,-0.311237,0.311237,0.102125,2.720301,2.720301,-0.353000,0.353000,0.196059,0.196059,1.178097,0.785179,1.290000
130,-0.310448,0.310448,0.102647,2.714153,2.714153,-0.353000,0.353000,0.197059,0.197059,1.178097,0.798241,1.300000
131,-0.309375,0.309375,0.103359,2.705859,2.705859,-0.353000,0.353000,0.198317,0.198317,1.178097,0.793587,1.310000
132,-0.308017,0.308017,0.104260,2.695489,2.695489,-0.353000,0.353000,0.199827,0.199827,1.178097,0.836538,1.320000
133,-0.306373,0.306373,0.105353,2.683123,2.683123,-0.353000,0.353000,0.201582,0.201582,1.178097,0.830488,1.330000
134,-0.304445,0.304445,0.106638,2.668861,2.668861,-0.353000,0.353000,0.203575,0.203575,1.178097,0.823248,1.340000
135,-0.302234,0.302234,0.108117,2.652815,2.652815,-0.353000,0.353000,0.205796,0.205796,1.178097,0.859122,1.350000
136,-0.299740,0.299740,0.109790,2.635108,2.635108,-0.353000,0.353000,0.208237,0.208237,1.178097,0.847607,1.360000
137,-0.296967,0.296967,0.111657,2.615876,2.615876,-0.353000,0.353000,0.210886,0.210886,1.178097,0.880691,1.370000
138,-0.293916,0.293916,0.113720,2.595262,2.595262,-0.353000,0.353000,0.213730,0.213730,1.178097,0.873682,1.380000
139,-0.290594,0.290594,0.115976,2.573419,2.573419,-0.353000,0.353000,0.216757,0.216757,1.178097,0.903839,1.390000
140,-0.287006,0.287006,0.118425,2.550503,2.550503,-0.353000,0.353000,0.219952,0.219952,1.178097,0.896130,1.400000
141,-0.283159,0.283159,0.121064,2.526675,2.526675,-0.353000,0.353000,0.223299,0.223299,1.178097,0.916471,1.410000
142,-0.279064,0.279064,0.123890,2.502098,2.502098,-0.353000,0.353000,0.226783,0.226783,1.178097,0.925642,1.420000
143,-0.274731,0.274731,0.126898,2.476937,2.476937,-0.353000,0.353000,0.230385,0.230385,1.178097,0.922539,1.430000
144,-0.270175,0.270175,0.130081,2.451353,2.451353,-0.353000,0.353000,0.234088,0.234088,1.178097,0.950669,1.440000
145,-0.265411,0.265411,0.133431,2.425509,2.425509,-0.353000,0.353000,0.237873,0.237873,1.178097,0.927280,1.450000
146,-0.260459,0.260459,0.136937,2.399559,2.399559,-0.353000,0.353000,0.241720,0.241720,1.178097,0.939868,1.460000
147,-0.255340,0.255340,0.140588,2.373657,2.373657,-0.353000,0.353000,0.245608,0.245608,1.178097,0.956250,1.470000
148,-0.250078,0.250078,0.144369,2.347950,2.347950,-0.353000,0.353000,0.249517,0.249517,1.178097,0.942356,1.480000
149,-0.244698,0.244698,0.148262,2.322576,2.322576,-0.353000,0.353000,0.253424,0.253424,1.178097,0.959579,1.490000
150,-0.239231,0.239231,0.152249,2.297669,2.297669,-0.353000,0.353000,0.257308,0.257308,1.178097,0.982688,1.500000
151,-0.233708,0.233708,0.156307,2.273354,2.273354,-0.353000,0.353000,0.261147,0.261147,1.178097,0.966416,1.510000
152,-0.228163,0.228163,0.160412,2.249748,2.249748,-0.353000,0.353000,0.264918,0.264918,1.178097,0.984470,1.520000
153,-0.222631,0.222631,0.164537,2.226960,2.226960,-0.353000,0.353000,0.268600,0.268600,1.178097,1.000763,1.530000
154,-0.217150,0.217150,0.168654,2.205090,2.205090,-0.353000,0.353000,0.272171,0.272171,1.178097,0.989756,1.540000
155,-0.211761,0.211761,0.172733,2.184231,2.184231,-0.353000,0.353000,0.275609,0.275609,1.178097,1.022849,1.550000
156,-0.206502,0.206502,0.176740,2.164466,2.164466,-0.353000,0.353000,0.278893,0.278893,1.178097,0.994475,1.560000
157,-0.201414,0.201414,0.180642,2.145872,2.145872,-0.353000,0.353000,0.282002,0.282002,1.178097,1.011415,1.570000
158,-0.196539,0.196539,0.184405,2.128519,2.128519,-0.353000,0.353000,0.284918,0.284918,1.178097,1.011459,1.580000
159,-0.191917,0.191917,0.187994,2.112466,2.112466,-0.353000,0.353000,0.287621,0.287621,1.178097,1.019756,1.590000
160,-0.187588,0.187588,0.191375,2.097769,2.097769,-0.353000,0.353000,0.290095,0.290095,1.178097,1.009059,1.600000
161,-0.183590,0.183590,0.194514,2.084475,2.084475,-0.353000,0.353000,0.292323,0.292323,1.178097,1.034889,1.610000
162,-0.179958,0.179958,0.197378,2.072627,2.072627,-0.353000,0.353000,0.294290,0.294290,1.178097,1.030269,1.620000
163,-0.176727,0.176727,0.199937,2.062259,2.062259,-0.353000,0.353000,0.295985,0.295985,1.178097,1.018613,1.630000
164,-0.173926,0.173926,0.202163,2.053402,2.053402,-0.353000,0.353000,0.297396,0.297396,1.178097,1.009441,1.640000
165,-0.171582,0.171582,0.204032,2.046082,2.046082,-0.353000,0.353000,0.298512,0.298512,1.178097,1.031435,1.650000
166,-0.169719,0.169719,0.205522,2.040318,2.040318,-0.353000,0.353000,0.299328,0.299328,1.178097,0.998325,1.660000
167,-0.168353,0.168353,0.206616,2.036126,2.036126,-0.353000,0.353000,0.299837,0.299837,1.178097,0.989932,1.670000
168,-0.167499,0.167499,0.207301,2.033517,2.033517,-0.353000,0.353000,0.300036,0.300036,1.178097,0.980692,1.680000
169,-0.167164,0.167164,0.207569,2.032499,2.032499,-0.353000,0.353000,0.299924,0.299924,1.178097,0.915150,1.690000
170,-0.167353,0.167353,0.207418,2.033074,2.033074,-0.353000,0.353000,0.299501,0.299501,1.178097,0.872699,1.700000
171,-0.168063,0.168063,0.206848,2.035239,2.035239,-0.353000,0.353000,0.298770,0.298770,1.178097,0.950181,1.710000
172,-0.169287,0.169287,0.205867,2.038991,2.038991,-0.353000,0.353000,0.297737,0.297737,1.178097,0.987596,1.720000
173,-0.171014,0.171014,0.204486,2.044318,2.044318,-0.353000,0.353000,0.296407,0.296407,1.178097,0.994623,1.730000
174,-0.173226,0.173226,0.202721,2.051207,2.051207,-0.353000,0.353000,0.294791,0.294791,1.178097,1.019056,1.740000
175,-0.175902,0.175902,0.200592,2.059638,2.059638,-0.353000,0.353000,0.292898,0.292898,1.178097,1.021091,1.750000
176,-0.179016,0.179016,0.198123,2.069588,2.069588,-0.353000,0.353000,0.290741,0.290741,1.178097,1.023295,1.760000
177,-0.182540,0.182540,0.195341,2.081027,2.081027,-0.353000,0.353000,0.288334,0.288334,1.178097,1.081842,1.770000
178,-0.186439,0.186439,0.192275,2.093922,2.093922,-0.353000,0.353000,0.285693,0.285693,1.178097,1.017673,1.780000
179,-0.190680,0.190680,0.188958,2.108233,2.108233,-0.353000,0.353000,0.282835,0.282835,1.178097,1.013872,1.790000
180,-0.195224,0.195224,0.185424,2.123913,2.123913,-0.353000,0.353000,0.279777,0.279777,1.178097,0.995997,1.800000
181,-0.200033,0.200033,0.181706,2.140910,2.140910,-0.353000,0.353000,0.276540,0.276540,1.178097,1.007534,1.810000
182,-0.205065,0.205065,0.177839,2.159165,2.159165,-0.353000,0.353000,0.273143,0.273143,1.178097,0.991855,1.820000
183,-0.210281,0.210281,0.173858,2.178610,2.178610,-0.353000,0.353000,0.269607,0.269607,1.178097,1.001308,1.830000
184,-0.215638,0.215638,0.169796,2.199173,2.199173,-0.353000,0.353000,0.265954,0.265954,1.178097,0.995217,1.840000
185,-0.221097,0.221097,0.165686,2.220770,2.220770,-0.353000,0.353000,0.262205,0.262205,1.178097,1.052342,1.850000
186,-0.226618,0.226618,0.161560,2.243312,2.243312,-0.353000,0.353000,0.258383,0.258383,1.178097,1.001076,1.860000
187,-0.232164,0.232164,0.157447,2.266701,2.266701,-0.353000,0.353000,0.254509,0.254509,1.178097,0.991046,1.870000
188,-0.237697,0.237697,0.153373,2.290830,2.290830,-0.353000,0.353000,0.250606,0.250606,1.178097,0.998395,1.880000
189,-0.243182,0.243182,0.149365,2.315584,2.315584,-0.353000,0.353000,0.246696,0.246696,1.178097,0.960608,1.890000
190,-0.248589,0.248589,0.145443,2.340841,2.340841,-0.353000,0.353000,0.242800,0.242800,1.178097,0.952595,1.900000
191,-0.253887,0.253887,0.141629,2.366469,2.366469,-0.353000,0.353000,0.238940,0.238940,1.178097,0.962653,1.910000
192,-0.259049,0.259049,0.137941,2.392331,2.392331,-0.353000,0.353000,0.235136,0.235136,1.178097,0.934586,1.920000
193,-0.264050,0.264050,0.134392,2.418282,2.418282,-0.353000,0.353000,0.231408,0.231408,1.178097,0.946540,1.930000
194,-0.268868,0.268868,0.130998,2.444172,2.444172,-0.353000,0.353000,0.227775,0.227775,1.178097,0.929309,1.940000
195,-0.273483,0.273483,0.127767,2.469844,2.469844,-0.353000,0.353000,0.224257,0.224257,1.178097,0.911778,1.950000
196,-0.277880,0.277880,0.124710,2.495140,2.495140,-0.353000,0.353000,0.220870,0.220870,1.178097,0.924449,1.960000
197,-0.282043,0.282043,0.121833,2.519896,2.519896,-0.353000,0.353000,0.217631,0.217631,1.178097,0.903055,1.970000
198,-0.285960,0.285960,0.119141,2.543949,2.543949,-0.353000,0.353000,0.214556,0.214556,1.178097,0.917963,1.980000
199,-0.289621,0.289621,0.116639,2.567135,2.567135,-0.353000,0.353000,0.211659,0.211659,1.178097,0.897279,1.990000
200,-0.293018,0.293018,0.114329,2.589293,2.589293,-0.353000,0.353000,0.208955,0.208955,1.178097,0.870716,2.000000
201,-0.296144,0.296144,0.112212,2.610265,2.610265,-0.353000,0.353000,0.206455,0.206455,1.178097,0.877181,2.010000
202,-0.298995,0.298995,0.110291,2.629897,2.629897,-0.353000,0.353000,0.204171,0.204171,1.178097,0.849208,2.020000
203,-0.301567,0.301567,0.108564,2.648042,2.648042,-0.353000,0.353000,0.202113,0.202113,1.178097,0.861830,2.030000
204,-0.303858,0.303858,0.107031,2.664564,2.664564,-0.353000,0.353000,0.200291,0.200291,1.178097,0.865377,2.040000
205,-0.305865,0.305865,0.105692,2.679335,2.679335,-0.353000,0.353000,0.198712,0.198712,1.178097,0.832269,2.050000
206,-0.307587,0.307587,0.104545,2.692240,2.692240,-0.353000,0.353000,0.197384,0.197384,1.178097,0.839576,2.060000
207,-0.309025,0.309025,0.103591,2.703175,2.703175,-0.353000,0.353000,0.196312,0.196312,1.178097,0.832136,2.070000
208,-0.310178,0.310178,0.102826,2.712055,2.712055,-0.353000,0.353000,0.195500,0.195500,1.178097,0.794455,2.080000
209,-0.311046,0.311046,0.102252,2.718807,2.718807,-0.353000,0.353000,0.194953,0.194953,1.178097,0.798781,2.090000
210,-0.311629,0.311629,0.101866,2.723376,2.723376,-0.353000,0.353000,0.194672,0.194672,1.178097,0.787554,2.100000
211,-0.311927,0.311927,0.101669,2.725725,2.725725,-0.353000,0.353000,0.194659,0.194659,1.178097,0.728081,2.110000
212,-0.311941,0.311941,0.101660,2.725835,2.725835,-0.353000,0.353000,0.194913,0.194913,1.178097,0.621235,2.120000
213,-0.311671,0.311671,0.101838,2.723706,2.723706,-0.353000,0.353000,0.195435,0.195435,1.178097,0.746274,2.130000
214,-0.311116,0.311116,0.102206,2.719353,2.719353,-0.353000,0.353000,0.196220,0.196220,1.178097,0.831552,2.140000
215,-0.310276,0.310276,0.102761,2.712814,2.712814,-0.353000,0.353000,0.197267,0.197267,1.178097,0.851598,2.150000
216,-0.309151,0.309151,0.103507,2.704140,2.704140,-0.353000,0.353000,0.198571,0.198571,1.178097,0.792085,2.160000
217,-0.307741,0.307741,0.104443,2.693403,2.693403,-0.353000,0.353000,0.200125,0.200125,1.178097,0.835761,2.170000
218,-0.306047,0.306047,0.105571,2.680688,2.680688,-0.353000,0.353000,0.201924,0.201924,1.178097,0.830639,2.180000
219,-0.304067,0.304067,0.106891,2.666096,2.666096,-0.353000,0.353000,0.203959,0.203959,1.178097,0.861224,2.190000
220,-0.301805,0.301805,0.108404,2.649740,2.649740,-0.353000,0.353000,0.206221,0.206221,1.178097,0.858623,2.200000
221,-0.299261,0.299261,0.110112,2.631748,2.631748,-0.353000,0.353000,0.208700,0.208700,1.178097,0.849066,2.210000
222,-0.296437,0.296437,0.112015,2.612256,2.612256,-0.353000,0.353000,0.211385,0.211385,1.178097,0.880206,2.220000
223,-0.293337,0.293337,0.114112,2.591409,2.591409,-0.353000,0.353000,0.214263,0.214263,1.178097,0.870620,2.230000
224,-0.289966,0.289966,0.116403,2.569361,2.569361,-0.353000,0.353000,0.217321,0.217321,1.178097,0.929161,2.240000
225,-0.286331,0.286331,0.118887,2.546268,2.546268,-0.353000,0.353000,0.220544,0.220544,1.178097,0.996746,2.250000
226,-0.282439,0.282439,0.121560,2.522293,2.522293,-0.353000,0.353000,0.223918,0.223918,1.178097,0.927036,2.260000
227,-0.278300,0.278300,0.124419,2.497599,2.497599,-0.353000,0.353000,0.227424,0.227424,1.178097,0.924332,2.270000
228,-0.273925,0.273925,0.127459,2.472350,2.472350,-0.353000,0.353000,0.231046,0.231046,1.178097,0.920782,2.280000
229,-0.269331,0.269331,0.130673,2.446707,2.446707,-0.353000,0.353000,0.234766,0.234766,1.178097,0.958984,2.290000
230,-0.264532,0.264532,0.134052,2.420832,2.420832,-0.353000,0.353000,0.238563,0.238563,1.178097,0.949692,2.300000
231,-0.259548,0.259548,0.137586,2.394880,2.394880,-0.353000,0.353000,0.242419,0.242419,1.178097,0.937211,2.310000
232,-0.254401,0.254401,0.141261,2.369003,2.369003,-0.353000,0.353000,0.246312,0.246312,1.178097,0.961668,2.320000
233,-0.249115,0.249115,0.145063,2.343345,2.343345,-0.353000,0.353000,0.250222,0.250222,1.178097,0.942590,2.330000
234,-0.243718,0.243718,0.148975,2.318046,2.318046,-0.353000,0.353000,0.254127,0.254127,1.178097,0.959257,2.340000
235,-0.238238,0.238238,0.152976,2.293237,2.293237,-0.353000,0.353000,0.258004,0.258004,1.178097,0.975349,2.350000
236,-0.232709,0.232709,0.157044,2.269042,2.269042,-0.353000,0.353000,0.261833,0.261833,1.178097,0.968253,2.360000
237,-0.227163,0.227163,0.161155,2.245575,2.245575,-0.353000,0.353000,0.265590,0.265590,1.178097,0.979500,2.370000
238,-0.221638,0.221638,0.165281,2.222945,2.222945,-0.353000,0.353000,0.269253,0.269253,1.178097,1.001245,2.380000
239,-0.216171,0.216171,0.169394,2.201251,2.201251,-0.353000,0.353000,0.272802,0.272802,1.178097,0.983011,2.390000
240,-0.210801,0.210801,0.173462,2.180583,2.180583,-0.353000,0.353000,0.276213,0.276213,1.178097,1.000595,2.400000
241,-0.205570,0.205570,0.177452,2.161024,2.161024,-0.353000,0.353000,0.279467,0.279467,1.178097,0.990939,2.410000
242,-0.200518,0.200518,0.181332,2.142649,2.142649,-0.353000,0.353000,0.282543,0.282543,1.178097,1.014606,2.420000
243,-0.195686,0.195686,0.185066,2.125526,2.125526,-0.353000,0.353000,0.285421,0.285421,1.178097,1.006831,2.430000
244,-0.191114,0.191114,0.188620,2.109714,2.109714,-0.353000,0.353000,0.288085,0.288085,1.178097,1.017641,2.440000
245,-0.186842,0.186842,0.191960,2.095267,2.095267,-0.353000,0.353000,0.290515,0.290515,1.178097,1.015263,2.450000
246,-0.182907,0.182907,0.195051,2.082231,2.082231,-0.353000,0.353000,0.292697,0.292697,1.178097,1.081294,2.460000
247,-0.179345,0.179345,0.197863,2.070646,2.070646,-0.353000,0.353000,0.294617,0.294617,1.178097,1.021571,2.470000
248,-0.176189,0.176189,0.200364,2.060549,2.060549,-0.353000,0.353000,0.296261,0.296261,1.178097,1.032455,2.480000
249,-0.173469,0.173469,0.202527,2.051968,2.051968,-0.353000,0.353000,0.297619,0.297619,1.178097,1.049506,2.490000
250,-0.171210,0.171210,0.204329,2.044926,2.044926,-0.353000,0.353000,0.298682,0.298682,1.178097,1.074686,2.500000
